{"flutter":{"platforms":{"android":{"default":{"projectId":"gem-project-1a89c","appId":"1:1052055219490:android:2186c73b9372f623fec97b","fileOutput":"android/app/google-services.json"}},"ios":{"default":{"projectId":"gem-project-1a89c","appId":"1:1052055219490:ios:0b43036630da9ee4fec97b","uploadDebugSymbols":false,"fileOutput":"ios/Runner/GoogleService-Info.plist"}},"dart":{"lib/firebase_options.dart":{"projectId":"gem-project-1a89c","configurations":{"android":"1:1052055219490:android:2186c73b9372f623fec97b","ios":"1:1052055219490:ios:0b43036630da9ee4fec97b"}}}}}}